PRODUCT_ID,PRODUCT_CATEGORY_ID,SUPPLIER_ID,PRODUCT_NAME,PRODUCT_DESCRIPTION,PRODUCT_PRICE,PRODUCT_QTY_AVAILABLE
3000815,26,2000652,"Corsair RM850x (850W, 80 Plus Gold)","Capture breathtaking aerial footage and explore further with this advanced drone. Featuring longer range, obstacle avoidance, and professional-grade camera capabilities.",32,9
3000169,35,2000137,Burr Coffee Grinder,"Achieve restaurant-quality results at home with this sous vide precision cooker. Perfect for cooking meat, fish, and vegetables to a perfect temperature.",49,18
3000738,24,2000897,AMD Radeon RX 5700 XT,Mount your phone securely and charge it wirelessly with this convenient car charger. Enjoy hands-free navigation and music streaming on the go.,94,53
3000986,27,2000287,NZXT H510 - Compact ATX Mid-Tower,Charge your phone wirelessly with this sleek and convenient charging pad.  Simply place your phone down and power up.,98,63
3000436,13,2000320,Nomad Jeans,Soft and comfortable sweatpants with a relaxed fit. Perfect for lounging at home or running errands in style.,100,44
3000496,22,2000544,Apple iPhone 13 Pro Max,"High-definition projector for an incredible home theater experience. Enjoy movies, games, and presentations in stunning clarity.",83,64
3000554,29,2000544,Apple iPad Pro 12.9 (2021),"Capture life's moments in an instant with this portable, retro-inspired camera. Prints on-the-go for instant memories.",83,26
3000460,22,2000594,Samsung Galaxy S21 Ultra,Capture life's moments in an instant with this point-and-shoot digital camera. Easy to use and perfect for capturing memories on the go.,69,92
3000950,13,2000659,Summit Joggers,Waterproof and breathable rain jacket for all-weather adventures. Packs down small for easy carrying and keeps you dry in any storm.,63,43
3000876,39,2000002,Teaspoon,"Powerful blender that pulverizes ingredients for smoothies, soups, and more. Perfect for creating healthy and delicious meals.",20,37
3000583,22,2000248,Google Pixel 6 Pro,Mount your phone securely and charge it wirelessly with this convenient car charger. Enjoy hands-free navigation and music streaming on the go.,3,18
3000743,35,2000652,Blade Coffee Grinder,Grow fresh herbs vertically with this innovative wall-mounted herb garden kit. Maximize space and enjoy fresh flavors all year round.,7,43
3000285,37,2000398,Soup Bowl,Grow fresh herbs vertically with this innovative wall-mounted herb garden kit. Maximize space and enjoy fresh flavors all year round.,38,46
3000514,12,2000320,"Breezy Tee,",Water-resistant cargo pants with built-in phone pocket and hidden tech compartments. Stay stylish and organized.,34,75
3000561,38,2000161,tchenAid Artisan Series 5-Quart Tilt-Head Stand Mixer,"Advanced spiralizer with interchangeable blades for endless possibilities. Create veggie noodles, ribbons, and more.",35,74
3000659,31,2000280,Smart Kettle with Temperature Control,"Create healthy and fun veggie noodles with this easy-to-use spiralizer. Perfect for zucchini noodles, sweet potato fries, and more.",55,93
3000123,35,2000520,Spice Grinder,"Track your weight, body fat, and muscle mass with this smart scale and its accompanying app. Stay motivated and reach your health goals.",45,22
3000207,31,2000161,Bloom XL Herb Garden Kit,Keep your knives razor-sharp with this easy-to-use electric knife sharpener. Ensures effortless chopping and slicing for every meal.,13,27
3000047,28,2000120,Apple MacBook Pro 16-inch (M1 Pro),Explore the world from above with this easy-to-fly drone. Capture stunning aerial photos and videos.,6,53
3000442,31,2000455,Stack & Store Lunch Box Set,Grow fresh herbs vertically with this innovative wall-mounted herb garden kit. Maximize space and enjoy fresh flavors all year round.,37,20
3000941,14,2000633,Horizon Hat,"Effortless one-piece outfit with multiple pockets for ultimate functionality. Perfect for work, errands, or travel.",80,18
3000834,36,2000856,Wine Glass,"Grow a lush indoor vertical garden with this innovative kit. Maximize space and enjoy fresh herbs, vegetables, or flowers year-round.",24,54
3000551,26,2000594,"EVGA SuperNOVA 750 G3 (750W, 80 Plus Gold)",Charge your phone wirelessly with this sleek and convenient charging pad.  Simply place your phone down and power up.,49,91
3000764,22,2000002,OnePlus 9 Pro,"Capture life's moments in an instant with this portable, retro-inspired camera. Prints on-the-go for instant memories.",21,52
3000550,24,2000057,NVIDIA GeForce GTX 1660 Super,"Capture and print photos instantly with this easy-to-use digital camera. Fun for parties, events, or everyday memories.",22,32
3000610,38,2000079,Cuisinart SM-50BC 5.5-Quart Stand Mixer,The ultimate kitchen companion for spiralizing enthusiasts.  Professional-grade blades handle even the toughest vegetables with ease.,91,73
3000884,38,2000398,Breville BEM800XL Scraper Mixer Pro,"Boil water to the perfect temperature with this smart kettle.  Control temperature from your phone for precise brewing of tea, coffee, or baby formula.",34,21
3000934,36,2000952,Champagne Flute,Stylish and leak-proof glass food containers for storing food or meal prep. Safe for reheating in the,98,26
3000604,32,2000057,Chef's Knife,The ultimate kitchen companion for spiralizing enthusiasts.  Professional-grade blades handle even the toughest vegetables with ease.,11,60
3000912,39,2000057,Tablespoon,"Powerful blender that pulverizes ingredients for smoothies, soups, and more. Perfect for creating healthy and delicious meals.",22,41
3000262,11,2000594,Phoenix Tank Top,"Pamper your feet with these ultra-soft, cushioned socks. Available in a variety of fun colors and patterns.",54,76
3000838,31,2000891,Stack & Store Bakeware Set,"Create healthy and fun veggie noodles with this easy-to-use spiralizer. Perfect for zucchini noodles, sweet potato fries, and more.",90,90
3000108,15,2000379,Sole Mates Sneakers,Water-resistant cargo pants with built-in phone pocket and hidden tech compartments. Stay stylish and organized.,75,39
3000383,34,2000832,Non-Stick Frying Pan,"Powerful food processor with a larger capacity and additional attachments for grating, shredding, and emulsifying. Effortlessly prepare ingredients for any recipe.",43,79
3000537,25,2000652,Corsair Vengeance LPX 16GB (2x8GB) DDR4 3200MHz,"Advanced smartwatch with built-in GPS, health monitoring, contactless payment, and advanced fitness tracking. Stay connected, on track, and informed with a sleek and sophisticated design.",8,42
3000417,13,2000891,Serenity Chinos,Breathable and moisture-wicking tank top for your toughest workouts. Rise from any challenge in style.,93,30
3000361,24,2000154,AMD Radeon RX 5500 XT,"All-in-one smartwatch with fitness tracking, notifications, GPS, and contactless payment. Stay connected and on track.",16,33
3000399,24,2000871,NVIDIA GeForce RTX 2060,"Blast your tunes worry-free with this waterproof and dustproof portable speaker. Perfect for pool parties, beach adventures, or any outdoor activity.",15,9
3000587,35,2000063,Meat Grinder,"Effortlessly chop, slice, and puree ingredients with this powerful food processor. Saves time and makes cooking a breeze.",97,72
3000184,28,2000046,Dell XPS 13 (9310),"Stylish and sleek fitness tracker that monitors steps, heart rate, and sleep. Stay motivated on your fitness journey.",55,17
3000025,24,2000856,AMD Radeon VII,"Next-level virtual reality experience with enhanced graphics, haptic feedback, and realistic movement tracking. Explore virtual worlds with unparalleled immersion.",64,95
3000984,11,2000063,Sunrise Shift Dress,Flowy maxi dress with a dreamy floral print. Effortlessly chic for any occasion.,13,30
3000990,35,2000520,Pepper Mill,"Create healthy and fun veggie noodles with this easy-to-use spiralizer. Perfect for zucchini noodles, sweet potato fries, and more.",48,62
3000669,13,2000165,Voyage Leggings,Classic denim jacket with a relaxed fit and soft touch. Layer over any outfit for timeless style.,71,90
3000104,38,2000845,Hamilton Beach 7-Speed Stand Mixer,Stylish and leak-proof glass food containers for storing food or meal prep. Safe for reheating in the,6,80
3000833,29,2000379,Samsung Galaxy Tab S7+,"Capture and print photos instantly with this easy-to-use digital camera. Fun for parties, events, or everyday memories.",51,59
3000242,23,2000833,Intel Core i9-11900K,"Capture breathtaking aerial footage and explore further with this advanced drone. Featuring longer range, obstacle avoidance, and professional-grade camera capabilities.",84,68
3000943,22,2000968,Xiaomi Mi 11 Ultra,"Advanced smartwatch with built-in GPS, health monitoring, contactless payment, and advanced fitness tracking. Stay connected, on track, and informed with a sleek and sophisticated design.",30,15
3000939,39,2000153,Soup Spoon,"Track your weight, body fat, and muscle mass with this smart scale and its accompanying app. Stay motivated and reach your health goals.",55,89
3000577,36,2000165,Beer Mug,Leak-proof and insulated lunch box set with multiple compartments. Keeps food fresh and organized for work or school lunches.,54,55
3000925,22,2000320,Sony Xperia 1 III,Immerse yourself in your music with these noise-cancelling earbuds. Crystal-clear sound and long-lasting battery life.,38,96
3000607,35,2000057,Salt Grinder,Start your day right with this programmable coffee maker. Brews delicious coffee with ease and keeps it hot for hours.,78,26
3000614,29,2000287,Microsoft Surface Pro 8,"Capture life's moments in an instant with this portable, retro-inspired camera. Prints on-the-go for instant memories.",65,17
3000488,28,2000120,Lenovo ThinkPad X1 Carbon (Gen 9),Compact and portable instant camera for capturing memories on the go. Easy to use and perfect for capturing life's spontaneous moments.,93,84
3000976,34,2000871,Cast Iron Skillet,Leak-proof and stackable food containers for on-the-go meals or meal prep. Keeps food fresh and organized.,11,99
3000259,35,2000192,Nut Grinder,"Create healthy and fun veggie noodles with this easy-to-use spiralizer. Perfect for zucchini noodles, sweet potato fries, and more.",21,26
3000606,38,2000165,Bosch MUM6N10UC Universal Plus Stand Mixer,"Boil water to the perfect temperature with this smart kettle.  Control temperature from your phone for precise brewing of tea, coffee, or baby formula.",81,34
3000480,21,2000341,Amplify Max+ Noise-Canceling Earbuds,"Compact and portable projector for on-the-go entertainment. Perfect for presentations, movie nights, or gaming anywhere.",29,52
3000007,25,2000871,G.Skill Trident Z RGB 32GB (2x16GB) DDR4 3600MHz,"Capture breathtaking aerial footage and explore further with this advanced drone. Featuring longer range, obstacle avoidance, and professional-grade camera capabilities.",55,60
3000086,24,2000161,NVIDIA GeForce GTX 1080 Ti,"Breathe easy with this air purifier that removes dust, allergens, and odors from your home. Enjoy cleaner air and improved well-being.",7,59
3000406,35,2000188,Wet Grinder,"Preserve the freshness and flavor of your food with this powerful vacuum sealer. Perfect for sous vide cooking, meal prep, and long-term food storage.",31,38
3000228,12,2000192,Voyage Tank Top,Super soft pajama set with a fun and cozy print. Perfect for a restful night's sleep.,75,76
3000974,31,2000704,Morning Brew Coffee Maker,"Powerful food processor with a larger capacity and additional attachments for grating, shredding, and emulsifying. Effortlessly prepare ingredients for any recipe.",10,90
3000076,12,2000320,Cascade Cardigan,Effortless one-piece jumpsuit with a vibrant sunrise print. Chic and comfortable for warm weather days.,57,70
3000877,34,2000832,Stainless Steel Saute Pan,"Cutlery set with razor-sharp, stainless steel blades for effortless slicing and dicing.  Elegant design complements any kitchen.",33,16
3000191,22,2000790,Motorola Edge Plus,"Keep an eye on your property with this weatherproof 360° security camera. Live stream footage, receive alerts, and deter potential intruders.",84,69
3000993,27,2000856,Corsair Obsidian 500D RGB SE - Premium Mid-Tower,Keep an eye on your home with this 360° security camera. Live stream footage and receive alerts for peace of mind.,76,59
3000346,21,2000835,VR Odyssey Headset Pro,Charge your phone in style with this convenient wireless charging stand. Simply place your phone down to power up with a sleek and modern design.,9,47
3000443,33,2000063,Traditional Carbon Steel Wok,"Add julienne functionality to your existing spiralizer. Create julienne vegetables for stir-fries, salads, and more.",70,28
3000893,39,2000287,Dessert Spoon,"Powerful and versatile immersion blender for effortless blending, pureeing, and emulsifying directly in your pot or bowl. Perfect for soups, sauces, and baby food.",86,51
3000643,12,2000544,Horizon Dress Shirt,Breathable and moisture-wicking tank top with a mesh back for maximum ventilation. Stay cool and comfortable during your toughest workouts.,25,45
3000907,26,2000057,"Seasonic FOCUS Plus 650 Gold (650W, 80 Plus Gold)",Immerse yourself in your music with these noise-cancelling earbuds. Crystal-clear sound and long-lasting battery life.,68,78
3000858,22,2000188,Oppo Find X3 Pro,Mount your phone securely and charge it wirelessly with this convenient car charger. Enjoy hands-free navigation and music streaming on the go.,39,17
3000668,22,2000192,Huawei P40 Pro,Charge your phone in style with this convenient wireless charging stand. Simply place your phone down to power up with a sleek and modern design.,21,76
3000253,27,2000123,Fractal Design Meshify C - ATX Mid-Tower,"Keep an eye on your property with this weatherproof 360° security camera. Live stream footage, receive alerts, and deter potential intruders.",76,76
3000458,12,2000287,Whisper Cami,"Pamper your feet with these ultra-soft, cushioned socks. Available in a variety of fun colors and patterns.",57,14
3000683,22,2000165,LG Wing,Mount your phone securely and charge it wirelessly with this convenient car charger. Enjoy hands-free navigation and music streaming on the go.,39,31
3000144,23,2000704,AMD Ryzen 9 5900X,Charge your phone wirelessly with this sleek and convenient charging pad.  Simply place your phone down and power up.,5,81
3000341,31,2000845,Morning Brew Coffee Maker,"Powerful food processor with multiple attachments for chopping, slicing, shredding, and kneading. Effortlessly prepare all your ingredients for delicious meals.",45,70
3000875,37,2000520,Salad Bowl,"Boil water to the perfect temperature with this smart kettle.  Control temperature from your phone for precise brewing of tea, coffee, or baby formula.",77,69
3000582,32,2000280,Paring Knife,"Powerful and versatile immersion blender for effortless blending, pureeing, and emulsifying directly in your pot or bowl. Perfect for soups, sauces, and baby food.",88,33
3000319,35,2000659,Angle Grinder,"Powerful food processor with a larger capacity and additional attachments for grating, shredding, and emulsifying. Effortlessly prepare ingredients for any recipe.",4,37
3000828,37,2000544,Cereal Bowl,Stylish and leak-proof glass food containers for storing food or meal prep. Safe for reheating in the,76,73
3000220,31,2000398,Bloom XL Herb Garden Kit,"Powerful and versatile immersion blender for effortless blending, pureeing, and emulsifying directly in your pot or bowl. Perfect for soups, sauces, and baby food.",24,12
3000300,22,2000326,Asus ROG Phone 5,"Keep an eye on your property with this weatherproof 360° security camera. Live stream footage, receive alerts, and deter potential intruders.",56,71
3000467,22,2000002,Vivo X60 Pro,Explore the world from above with this easy-to-fly drone. Capture stunning aerial photos and videos.,50,42
3000529,22,2000544,Realme GT,Charge your phone wirelessly with this sleek and convenient charging pad.  Simply place your phone down and power up.,12,10
3000371,13,2000455,Flow Yoga Pants,Warm and stylish puffer jacket with a subtle star pattern. Perfect for adding a touch of wintery charm to your outfit.,76,9
3000366,15,2000320,Horizon Boots,Super soft pajama set with a fun and cozy print. Perfect for a restful night's sleep.,23,31
3000150,31,2000594,Smart Air Fryer with Recipe App,The ultimate kitchen companion for spiralizing enthusiasts.  Professional-grade blades handle even the toughest vegetables with ease.,23,85
3000246,22,2000188,Nokia 8.3 5G,"Keep an eye on your property with this weatherproof 360° security camera. Live stream footage, receive alerts, and deter potential intruders.",61,49
3000954,22,2000633,BlackBerry Key2,Charge two devices wirelessly at once with this convenient charging pad. Perfect for keeping your phone and other Qi-enabled devices powered up.,47,76
3000284,27,2000137,Thermaltake View 71 RGB - Full Tower,"Blast your tunes louder and clearer with this powerful portable Bluetooth speaker. Perfect for parties, outdoor adventures, or anywhere you need big sound.",53,21
3000698,22,2000856,HTC U12+,"Capture breathtaking aerial footage and explore further with this advanced drone. Featuring longer range, obstacle avoidance, and professional-grade camera capabilities.",56,34
3000654,22,2000248,Lenovo Legion Phone Duel,Charge your phone wirelessly with this sleek and convenient charging pad.  Simply place your phone down and power up.,51,62
3000384,14,2000002,Summit Beanie,Comfy and stylish joggers with tapered legs and reflective details. Be seen and feel amazing during your evening run.,59,95
3000413,36,2000835,Pint Glass,Leak-proof and insulated lunch box set with multiple compartments. Keeps food fresh and organized for work or school lunches.,98,49
3000290,13,2000320,Ember Sweatshorts,Ultra-lightweight and water-resistant windbreaker that folds into a compact pouch for easy carrying. Be prepared for unexpected showers on the go.,35,27
3000453,36,2000594,Martini Glass,"Track your weight, body fat, and muscle mass with this smart scale and its accompanying app. Stay motivated and reach your health goals.",45,86
3000866,12,2000123,Serenity Henley,Ultra-soft fleece hoodie with vibrant sunrise graphic. Perfect for cozy mornings.,15,9
3000190,38,2000379,KitchenAid Classic Plus Series 4.5-Quart Tilt-Head Stand Mixer,"Powerful and versatile hand blender for effortless blending, pureeing, and whipping. Perfect for soups, smoothies, dips, and more.",81,17
3000651,21,2000341,Pulse Max Smartwatch,"Blast your tunes worry-free with this waterproof and dustproof portable speaker. Perfect for pool parties, beach adventures, or any outdoor activity.",42,52
3000106,29,2000188,Lenovo Tab P11 Pro,"Turn any wall into a giant screen with this portable projector. Perfect for movie nights, presentations, or gaming.",86,56
3000089,13,2000716,Current Skinny Jeans,Flowy maxi dress with a dreamy floral print. Effortlessly chic for any occasion.,47,93
3000041,39,2000520,Serving Spoon,"Powerful blender that pulverizes ingredients for smoothies, soups, and more. Perfect for creating healthy and delicious meals.",34,91
3000957,25,2000897,Crucial Ballistix 16GB (2x8GB) DDR4 2666MHz,Compact and portable instant camera for capturing memories on the go. Easy to use and perfect for capturing life's spontaneous moments.,97,21
3000430,24,2000652,AMD Radeon RX 580,Mount your phone securely and charge it wirelessly with this convenient car charger. Enjoy hands-free navigation and music streaming on the go.,10,69
3000291,28,2000137,HP Spectre x360 14,"Advanced smartwatch with built-in GPS, health monitoring, contactless payment, and advanced fitness tracking. Stay connected, on track, and informed with a sleek and sophisticated design.",13,65
3000628,24,2000832,NVIDIA GeForce GTX 1070,Charge your phone in style with this convenient wireless charging stand. Simply place your phone down to power up with a sleek and modern design.,54,55
3000226,12,2000137,Flow Cami,Soft and comfortable sweatpants with a relaxed fit. Perfect for lounging at home or running errands in style.,87,98
3000197,23,2000224,Intel Core i7-11700K,"Next-level virtual reality experience with enhanced graphics, haptic feedback, and realistic movement tracking. Explore virtual worlds with unparalleled immersion.",5,12
3000414,23,2000871,AMD Ryzen 7 5800X,Blast your tunes anywhere with this waterproof and portable Bluetooth speaker. Big sound in a small package.,98,91
3000836,32,2000594,Bread Knife,Stylish and leak-proof glass food containers for storing food or meal prep. Safe for reheating in the,27,39
3000251,31,2000137,Precision Blender,"Powerful and versatile immersion blender for effortless blending, pureeing, and emulsifying directly in your pot or bowl. Perfect for soups, sauces, and baby food.",13,44
3000545,39,2000379,Slotted Spoon,Leak-proof and insulated lunch box set with multiple compartments. Keeps food fresh and organized for work or school lunches.,92,27
3000840,38,2000968,Sunbeam MixMaster Stand Mixer,Leak-proof and insulated lunch box set with multiple compartments. Keeps food fresh and organized for work or school lunches.,6,17
3000709,13,2000897,Horizon Linen Pants,Breathable and moisture-wicking tank top with a mesh back for maximum ventilation. Stay cool and comfortable during your toughest workouts.,41,92
3000283,37,2000002,Mixing Bowl,Grill like a pro with this innovative smart grill. Control temperature and monitor cooking progress right from your phone for perfectly cooked food every time.,85,30
3000101,22,2000192,ZTE Axon 30 Ultra,"All-in-one smartwatch with fitness tracking, notifications, GPS, and contactless payment. Stay connected and on track.",74,82
3000028,24,2000137,AMD Radeon RX 5600 XT,Charge your phone in style with this convenient wireless charging stand. Simply place your phone down to power up with a sleek and modern design.,33,27
3000477,34,2000046,Copper Chef Pan,"Track your weight, body fat, and muscle mass with this smart scale and its accompanying app. Stay motivated and reach your health goals.",25,16
3000342,11,2000192,Daydream Sleep Shorts,Versatile shorts that convert to pants with a zip-on leg. Perfect for travel with multiple outfit options in one.,5,85
3000217,36,2000188,Highball Glass,Stylish and leak-proof glass food containers for storing food or meal prep. Safe for reheating in the,78,53
3000349,27,2000120,Cooler Master MasterCase H500M - ATX Mid-Tower,"Next-level virtual reality experience with enhanced graphics, haptic feedback, and realistic movement tracking. Explore virtual worlds with unparalleled immersion.",23,27
3000357,13,2000165,Voyage Track Pants,Luxuriously soft and lightweight kimono robe for ultimate relaxation. Perfect for lounging at home or pampering yourself at the spa.,37,55
3000845,28,2000891,Asus ROG Zephyrus G14,Experience unparalleled noise cancellation and immersive sound with these top-of-the-line earbuds. Crystal clear audio and exceptional battery life for long listening sessions.,8,6
3000507,38,2000455,Kenwood KMM021 7QT Chef Titanium Kitchen Machine,"Expand your herb garden with this larger kit. Includes multiple pots, soil, and a variety of herb seeds. Grow fresh flavors year-round.",21,56
3000797,22,2000161,Poco F3,Monitor the inside of your home with this discreet 360° security camera. Live stream footage and receive alerts for peace of mind.,28,31
3000729,22,2000594,Nubia Red Magic 6,Compact and portable instant camera for capturing memories on the go. Easy to use and perfect for capturing life's spontaneous moments.,38,62
3000678,32,2000763,Carving Knife,"Expand your herb garden with this larger kit. Includes multiple pots, soil, and a variety of herb seeds. Grow fresh flavors year-round.",1,41
3000428,29,2000280,Amazon Fire HD 10 (2021),"All-in-one smartwatch with fitness tracking, notifications, GPS, and contactless payment. Stay connected and on track.",57,92
3000732,35,2000790,Bench Grinder,"Space-saving and nesting bakeware set for all your baking needs. Includes cake pans, loaf pans, and baking sheets for delicious creations.",8,59
3000174,34,2000248,Grill Pan,"Grow fresh herbs all year round with this easy-to-use kit. Includes seeds, soil, and a stylish planter.",12,28
3000127,32,2000165,Boning Knife,"Add julienne functionality to your existing spiralizer. Create julienne vegetables for stir-fries, salads, and more.",73,67
3000324,22,2000057,Samsung Galaxy Note 20 Ultra,Monitor the inside of your home with this discreet 360° security camera. Live stream footage and receive alerts for peace of mind.,9,92
3000615,22,2000161,Apple iPhone SE (2020),Monitor the inside of your home with this discreet 360° security camera. Live stream footage and receive alerts for peace of mind.,14,18
3000823,22,2000046,Google Pixel 5,Blast your tunes anywhere with this waterproof and portable Bluetooth speaker. Big sound in a small package.,52,30
3000639,26,2000154,"Thermaltake Toughpower Grand RGB 850W (850W, 80 Plus Platinum)",Charge your phone wirelessly with this sleek and convenient charging pad.  Simply place your phone down and power up.,58,99
3000552,31,2000835,Bloom Herb Garden Kit,"Powerful food processor with a larger capacity and additional attachments for grating, shredding, and emulsifying. Effortlessly prepare ingredients for any recipe.",10,40
3000002,22,2000968,OnePlus 8T,Experience unparalleled noise cancellation and immersive sound with these top-of-the-line earbuds. Crystal clear audio and exceptional battery life for long listening sessions.,93,43
3000851,12,2000153,Peak Performance Tank,Cozy and warm robe with a luxurious feel. Perfect for chilly mornings or evenings.,84,38
3000128,15,2000224,Summit Sandals,Flowy maxi dress with a dreamy floral print. Effortlessly chic for any occasion.,38,23
3000425,39,2000205,Wooden Spoon,"Powerful blender that pulverizes ingredients for smoothies, soups, and more. Perfect for creating healthy and delicious meals.",7,81
3000666,27,2000897,Phanteks Eclipse P400A - Mid-Tower,Compact and portable instant camera for capturing memories on the go. Easy to use and perfect for capturing life's spontaneous moments.,10,82
3000948,36,2000120,Lowball Glass,"Track your weight, body fat, and muscle mass with this smart scale and its accompanying app. Stay motivated and reach your health goals.",7,78
3000947,23,2000833,Intel Core i5-11600K,Explore the world from above with this easy-to-fly drone. Capture stunning aerial photos and videos.,16,40
3000680,22,2000161,Xiaomi Redmi Note 10 Pro,"Breathe easy with this air purifier that removes dust, allergens, and odors from your home. Enjoy cleaner air and improved well-being.",8,70
3000829,21,2000287,Pulse+ Smartwatch,Blast your tunes anywhere with this waterproof and portable Bluetooth speaker. Big sound in a small package.,95,43
3000178,33,2000897,Non-Stick Coated Wok,Start your day right with this programmable coffee maker. Brews delicious coffee with ease and keeps it hot for hours.,34,30
3000062,21,2000544,Click+ Instant Camera (Mini),"Keep an eye on your property with this weatherproof 360° security camera. Live stream footage, receive alerts, and deter potential intruders.",53,97
3000212,32,2000845,Utility Knife,Stylish and leak-proof glass food containers for storing food or meal prep. Safe for reheating in the,79,86
3000889,31,2000968,Smart Air Fryer with Recipe App,The ultimate kitchen companion for spiralizing enthusiasts.  Professional-grade blades handle even the toughest vegetables with ease.,21,95
3000736,33,2000154,Cast Iron Wok,"Advanced spiralizer with interchangeable blades for endless possibilities. Create veggie noodles, ribbons, and more.",9,64
3000317,13,2000079,Summit Activewear Leggings,Comfy and stylish joggers with tapered legs and reflective details. Be seen and feel amazing during your evening run.,10,53
3000236,37,2000704,Rice Bowl,"Powerful food processor with a larger capacity and additional attachments for grating, shredding, and emulsifying. Effortlessly prepare ingredients for any recipe.",28,39
3000247,38,2000589,Aucma Stand Mixer,Grill like a pro with this innovative smart grill. Control temperature and monitor cooking progress right from your phone for perfectly cooked food every time.,37,97
3000927,23,2000165,AMD Ryzen 5 5600X,Monitor the inside of your home with this discreet 360° security camera. Live stream footage and receive alerts for peace of mind.,70,32
3000479,21,2000153,Groove Max Portable Speaker,Experience complete immersion with these powerful noise-canceling headphones. Premium sound quality and long battery life for uninterrupted audio bliss.,49,39
3000748,28,2000845,Microsoft Surface Laptop 4,"Blast your tunes worry-free with this waterproof and dustproof portable speaker. Perfect for pool parties, beach adventures, or any outdoor activity.",47,80
3000075,38,2000398,Dash Stand Mixer,Advanced sous vide cooker with Wi-Fi connectivity and voice control. Monitor cooking progress with ease and achieve perfectly cooked meals using voice commands.,8,6
3000965,32,2000002,Santoku Knife,Craft your own sparkling water at home with this fun and easy-to-use soda maker. Add a splash of flavor for a refreshing beverage.,13,24
3000297,36,2000633,Old Fashioned Glass,Enjoy healthier fried food with this smart air fryer.  Control settings and access recipe inspiration from your phone for effortless cooking.,48,80
3000682,14,2000287,Coastal Bucket Hat,Lightweight and water-resistant windbreaker for all your adventures. Packs down small for easy carrying.,34,63
3000727,35,2000455,Die Grinder,"Track your weight, body fat, and muscle mass with this smart scale and its accompanying app. Stay motivated and reach your health goals.",55,94
3000735,35,2000652,Grain Mill,Grow fresh herbs vertically with this innovative wall-mounted herb garden kit. Maximize space and enjoy fresh flavors all year round.,39,23
3000985,38,2000398,Braun MultiMix Hand Mixer,"Powerful food processor with multiple attachments for chopping, slicing, shredding, and kneading. Effortlessly prepare all your ingredients for delicious meals.",78,56
3000598,26,2000379,"Cooler Master MWE Gold 750 Full Modular (750W, 80 Plus Gold)","Compact and portable projector for on-the-go entertainment. Perfect for presentations, movie nights, or gaming anywhere.",60,38
3000147,22,2000625,Sony Xperia 5 II,"Capture and print photos instantly with this easy-to-use digital camera. Fun for parties, events, or everyday memories.",73,44
3000902,22,2000790,Motorola Razr 5G,Explore the world from above with this easy-to-fly drone. Capture stunning aerial photos and videos.,91,46
3000894,37,2000154,Pasta Bowl,"Advanced spiralizer with interchangeable blades for endless possibilities. Create veggie noodles, ribbons, and more.",97,81
3000122,39,2000455,Mixing Spoon,"Space-saving and nesting bakeware set for all your baking needs. Includes cake pans, loaf pans, and baking sheets for delicious creations.",77,43
3000059,21,2000326,Snap Instant Camera,Mount your phone securely and charge it wirelessly with this convenient car charger. Enjoy hands-free navigation and music streaming on the go.,96,55
3000741,34,2000161,Crepe Pan,"Cutlery set with razor-sharp, stainless steel blades for effortless slicing and dicing.  Elegant design complements any kitchen.",63,54
3000915,36,2000063,Brandy Snifter,"Add julienne functionality to your existing spiralizer. Create julienne vegetables for stir-fries, salads, and more.",16,56
3000053,39,2000154,Iced Tea Spoon,"Track your weight, body fat, and muscle mass with this smart scale and its accompanying app. Stay motivated and reach your health goals.",94,75
3000660,21,2000704,Motorola Edge Plus,"Capture and print photos instantly with this easy-to-use digital camera. Fun for parties, events, or everyday memories.",71,28
3000975,36,2000716,Shot Glass,"Powerful and versatile hand blender for effortless blending, pureeing, and whipping. Perfect for soups, smoothies, dips, and more.",94,100
3000358,27,2000192,Lian Li PC-O11 Dynamic - ATX Mid-Tower,"Compact and portable projector for on-the-go entertainment. Perfect for presentations, movie nights, or gaming anywhere.",95,70
3000079,38,2000891,Black+Decker Lightweight Hand Mixer,"Cutlery set with razor-sharp, stainless steel blades for effortless slicing and dicing.  Elegant design complements any kitchen.",50,34
3000936,21,2000079,Sony Xperia 1 III,"Blast your tunes worry-free with this waterproof and dustproof portable speaker. Perfect for pool parties, beach adventures, or any outdoor activity.",61,94
3000054,38,2000280,KitchenAid 9-Speed Digital Hand Mixer,Stylish and leak-proof glass food containers for storing food or meal prep. Safe for reheating in the,60,82
3000846,22,2000716,Oppo Reno 5 Pro 5G,"Capture and print photos instantly with this easy-to-use digital camera. Fun for parties, events, or everyday memories.",22,79
3000971,31,2000520,Morning Brew Coffee Maker,"Powerful and versatile immersion blender for effortless blending, pureeing, and emulsifying directly in your pot or bowl. Perfect for soups, sauces, and baby food.",21,79
3000779,26,2000856,"NZXT C Series C850 (850W, 80 Plus Gold)",Immerse yourself in your music with these noise-cancelling earbuds. Crystal-clear sound and long-lasting battery life.,51,42
3000652,31,2000150,Fizz & Sparkle Soda Maker,Grow fresh herbs vertically with this innovative wall-mounted herb garden kit. Maximize space and enjoy fresh flavors all year round.,35,40
3000068,27,2000716,Be Quiet! Pure Base 500DX - ATX Mid-Tower,Charge your phone in style with this convenient wireless charging stand. Simply place your phone down to power up with a sleek and modern design.,52,21
3000465,32,2000280,Fillet Knife,"Powerful blender that pulverizes ingredients for smoothies, soups, and more. Perfect for creating healthy and delicious meals.",94,37
3000835,35,2000763,Herb Grinder,"Space-saving and nesting bakeware set for all your baking needs. Includes cake pans, loaf pans, and baking sheets for delicious creations.",47,88
3000063,15,2000625,Coastal Loafers,Waterproof and breathable rain jacket for all-weather adventures. Packs down small for easy carrying and keeps you dry in any storm.,40,58
3000306,21,2000165,Vue 360° Security Camera,"All-in-one smartwatch with fitness tracking, notifications, GPS, and contactless payment. Stay connected and on track.",5,64
3000170,32,2000659,Cleaver,Leak-proof and stackable food containers for on-the-go meals or meal prep. Keeps food fresh and organized.,12,56
3000579,22,2000002,Huawei Mate 40 Pro,Keep an eye on your home with this 360° security camera. Live stream footage and receive alerts for peace of mind.,38,8
3000042,29,2000594,Apple iPad Air (2020),"Breathe easy with this air purifier that removes dust, allergens, and odors from your home. Enjoy cleaner air and improved well-being.",66,49
3000314,22,2000835,LG V60 ThinQ 5G,Monitor the inside of your home with this discreet 360° security camera. Live stream footage and receive alerts for peace of mind.,62,97
3000721,22,2000046,Asus Zenfone 8,"Stylish and sleek fitness tracker that monitors steps, heart rate, and sleep. Stay motivated on your fitness journey.",70,93
3000567,13,2000002,Driftwood Corduroy Pants,Comfy and stylish tee with a shimmering constellation design.  Shine bright wherever you go.,91,71
3000778,22,2000154,Vivo iQOO 7,"Advanced smartwatch with built-in GPS, health monitoring, contactless payment, and advanced fitness tracking. Stay connected, on track, and informed with a sleek and sophisticated design.",83,37
3000466,11,2000856,Traverse Rain Jacket,Cozy and warm robe with a luxurious feel. Perfect for chilly mornings or evenings.,93,13
3000131,12,2000161,Rhythm Polo,Comfy and stylish tee with a shimmering constellation design.  Shine bright wherever you go.,35,53
3000155,24,2000871,NVIDIA GeForce GTX 1650 Super,"Breathe easy with this air purifier that removes dust, allergens, and odors from your home. Enjoy cleaner air and improved well-being.",31,91
3000661,32,2000790,Nakiri Knife,Leak-proof and insulated lunch box set with multiple compartments. Keeps food fresh and organized for work or school lunches.,5,94
3000146,13,2000594,Aura Sweatpants,Luxuriously soft and lightweight kimono robe for ultimate relaxation. Perfect for lounging at home or pampering yourself at the spa.,8,59
3000818,28,2000544,Acer Swift 3,"Turn any wall into a giant screen with this portable projector. Perfect for movie nights, presentations, or gaming.",61,40
3000605,13,2000589,Tranquility Cargo Pants,Breathable and moisture-wicking tank top for your toughest workouts. Rise from any challenge in style.,95,100
3000635,29,2000625,Samsung Galaxy Tab A7,Charge your phone in style with this convenient wireless charging stand. Simply place your phone down to power up with a sleek and modern design.,62,57
3000040,22,2000891,Realme Narzo 30 Pro,Experience unparalleled noise cancellation and immersive sound with these top-of-the-line earbuds. Crystal clear audio and exceptional battery life for long listening sessions.,51,45
3000842,22,2000968,Nokia 7.2,Charge your phone wirelessly with this sleek and convenient charging pad.  Simply place your phone down and power up.,52,91
3000120,27,2000341,Corsair iCUE 4000X RGB - Mid-Tower,Capture life's moments in an instant with this point-and-shoot digital camera. Easy to use and perfect for capturing memories on the go.,76,32
3000176,31,2000153,Sous Vide Precision Cooker,"Achieve restaurant-quality results at home with this sous vide precision cooker. Perfect for cooking meat, fish, and vegetables to a perfect temperature.",48,90
3000369,14,2000341,Zenith Baseball Cap,Waterproof and breathable rain jacket for all-weather adventures. Packs down small for easy carrying and keeps you dry in any storm.,25,41
3000585,34,2000280,Wok Pan,Keep your knives razor-sharp with this easy-to-use electric knife sharpener. Ensures effortless chopping and slicing for every meal.,90,77
3000827,21,2000341,Snap+ Wireless Charger Stand,Monitor the inside of your home with this discreet 360° security camera. Live stream footage and receive alerts for peace of mind.,77,33
3000996,36,2000856,Cordial Glass,"Add julienne functionality to your existing spiralizer. Create julienne vegetables for stir-fries, salads, and more.",68,34
3000681,15,2000137,Tranquility Slippers,Performance t-shirt with sweat-wicking technology and built-in media pocket for easy access to your phone.  Stay cool and connected during your workout.,67,43
3000179,33,2000594,Stainless Steel Wok,Leak-proof and insulated lunch box set with multiple compartments. Keeps food fresh and organized for work or school lunches.,58,50
3000011,15,2000633,Peak Performance Hiking Boots,Versatile shorts that convert to pants with a zip-on leg. Perfect for travel with multiple outfit options in one.,34,53
3000118,21,2000120,Pulse Fitness Tracker,"Advanced smartwatch with built-in GPS, health monitoring, contactless payment, and advanced fitness tracking. Stay connected, on track, and informed with a sleek and sophisticated design.",40,28
3000388,39,2000063,Demitasse Spoon,"Effortlessly chop, slice, and puree ingredients with this powerful food processor. Saves time and makes cooking a breeze.",57,16
3000129,24,2000891,AMD Radeon RX 480,"High-definition projector for an incredible home theater experience. Enjoy movies, games, and presentations in stunning clarity.",88,80
3000006,31,2000891,Precision Immersion Blender,"Add julienne functionality to your existing spiralizer. Create julienne vegetables for stir-fries, salads, and more.",66,90
3000886,21,2000079,Nokia XR20,"Ultra-high definition projector for a truly cinematic experience. Enjoy stunning visuals for movies, games, or presentations.",11,63
3000269,27,2000398,NZXT H710i - ATX Mid-Tower,"Stylish and sleek fitness tracker that monitors steps, heart rate, and sleep. Stay motivated on your fitness journey.",74,94
3000640,38,2000704,Cuisinart Power Advantage Plus 9-Speed Handheld Mixer,"Powerful and versatile hand blender for effortless blending, pureeing, and whipping. Perfect for soups, smoothies, dips, and more.",65,58
3000599,36,2000897,Whiskey Glass,"Powerful food processor with a larger capacity and additional attachments for grating, shredding, and emulsifying. Effortlessly prepare ingredients for any recipe.",63,26
3000784,23,2000150,Intel Core i3-10100,Compact and portable instant camera for capturing memories on the go. Easy to use and perfect for capturing life's spontaneous moments.,6,40
3000527,37,2000057,Ramen Bowl,"Powerful food processor with a larger capacity and additional attachments for grating, shredding, and emulsifying. Effortlessly prepare ingredients for any recipe.",52,64
3000294,26,2000833,"ASUS ROG Thor 1200W Platinum (1200W, 80 Plus Platinum)",Explore the world from above with this easy-to-fly drone. Capture stunning aerial photos and videos.,98,19
3000121,29,2000833,Microsoft Surface Go 2,"Capture life's moments in an instant with this portable, retro-inspired camera. Prints on-the-go for instant memories.",32,35
3000726,21,2000589,Vue 360° Outdoor Security Camera,"Compact and portable projector for on-the-go entertainment. Perfect for presentations, movie nights, or gaming anywhere.",56,40
3000931,24,2000891,NVIDIA Quadro RTX 8000,Explore the world from above with this easy-to-fly drone. Capture stunning aerial photos and videos.,57,21
3000580,28,2000072,MSI GS66 Stealth,"All-in-one smartwatch with fitness tracking, notifications, GPS, and contactless payment. Stay connected and on track.",61,10
3000900,31,2000891,Sous Vide Precision Cooker Pro,"Preserve the freshness and flavor of your food with this powerful vacuum sealer. Perfect for sous vide cooking, meal prep, and long-term food storage.",46,21
3000807,23,2000856,AMD Ryzen 3 3300X,Compact and portable instant camera for capturing memories on the go. Easy to use and perfect for capturing life's spontaneous moments.,61,19
3000526,29,2000625,Huawei MatePad Pro,"Compact and portable projector for on-the-go entertainment. Perfect for presentations, movie nights, or gaming anywhere.",25,98
3000994,26,2000046,"be quiet! Straight Power 11 750W (750W, 80 Plus Platinum)",Charge two devices wirelessly at once with this convenient charging pad. Perfect for keeping your phone and other Qi-enabled devices powered up.,47,65
3000097,21,2000455,Groove Max+ Portable Speaker (Waterproof),Charge your phone in style with this convenient wireless charging stand. Simply place your phone down to power up with a sleek and modern design.,90,96
3000802,25,2000150,Kingston HyperX Fury 8GB DDR4 2400MHz,Charge two devices wirelessly at once with this convenient charging pad. Perfect for keeping your phone and other Qi-enabled devices powered up.,91,35
3000359,39,2000520,Salad Spoon (part of a salad serving set),"Powerful blender that pulverizes ingredients for smoothies, soups, and more. Perfect for creating healthy and delicious meals.",49,63
3000333,29,2000063,Apple iPad Mini (2021),"Advanced smartwatch with built-in GPS, health monitoring, contactless payment, and advanced fitness tracking. Stay connected, on track, and informed with a sleek and sophisticated design.",27,63
3000530,21,2000248,Vue 360° Security Camera (Indoor),Charge your phone wirelessly with this sleek and convenient charging pad.  Simply place your phone down and power up.,51,35
3000222,29,2000326,Samsung Galaxy Tab S6 Lite,Charge two devices wirelessly at once with this convenient charging pad. Perfect for keeping your phone and other Qi-enabled devices powered up.,24,76
3000321,36,2000520,Collins Glass,"Advanced spiralizer with interchangeable blades for endless possibilities. Create veggie noodles, ribbons, and more.",21,73
3000855,14,2000716,Whisper Newsboy Cap,Flowy maxi dress with a dreamy floral print. Effortlessly chic for any occasion.,9,56
3000702,37,2000287,Serving Bowl,"Powerful and versatile immersion blender for effortless blending, pureeing, and emulsifying directly in your pot or bowl. Perfect for soups, sauces, and baby food.",96,65
3000215,22,2000520,BlackBerry Evolve X,"Ultra-high definition projector for a truly cinematic experience. Enjoy stunning visuals for movies, games, or presentations.",16,29
3000433,39,2000153,Grapefruit Spoon,Grow fresh herbs vertically with this innovative wall-mounted herb garden kit. Maximize space and enjoy fresh flavors all year round.,3,51
3000859,23,2000002,Intel Core i9-10980XE,"Capture breathtaking aerial footage and explore further with this advanced drone. Featuring longer range, obstacle avoidance, and professional-grade camera capabilities.",98,19
3000225,38,2000320,Oster HeatSoft Hand Mixer,"Grow a lush indoor vertical garden with this innovative kit. Maximize space and enjoy fresh herbs, vegetables, or flowers year-round.",83,84
3000461,24,2000154,AMD Radeon Pro WX 8200,Compact and portable instant camera for capturing memories on the go. Easy to use and perfect for capturing life's spontaneous moments.,33,59
3000844,21,2000063,Vue 360° Security Camera (Indoor),Charge two devices wirelessly at once with this convenient charging pad. Perfect for keeping your phone and other Qi-enabled devices powered up.,66,93
3000474,33,2000952,Electric Wok,"Grow fresh herbs all year round with this easy-to-use kit. Includes seeds, soil, and a stylish planter.",31,6
3000720,36,2000120,Pilsner Glass,Advanced sous vide cooker with Wi-Fi connectivity and app control. Monitor cooking progress remotely and achieve perfectly cooked food every time.,22,82
3000115,28,2000120,Razer Blade 15,"Next-level virtual reality experience with enhanced graphics, haptic feedback, and realistic movement tracking. Explore virtual worlds with unparalleled immersion.",31,21
3000629,27,2000063,Cooler Master Cosmos C700P - Full Tower,Experience complete immersion with these powerful noise-canceling headphones. Premium sound quality and long battery life for uninterrupted audio bliss.,45,87
3000204,27,2000205,Thermaltake Core P3 - Open Frame Mid Tower,"Turn any wall into a giant screen with this portable projector. Perfect for movie nights, presentations, or gaming.",72,76
3000010,28,2000248,LG Gram 17,Charge your phone wirelessly with this sleek and convenient charging pad.  Simply place your phone down and power up.,26,9
3000420,32,2000192,Serrated Utility Knife,Craft your own sparkling water at home with this fun and easy-to-use soda maker. Add a splash of flavor for a refreshing beverage.,41,8
3000928,21,2000835,Realme GT,Mount your phone securely and charge it wirelessly with this convenient car charger. Enjoy hands-free navigation and music streaming on the go.,95,17
3000693,12,2000072,Wanderlust Tee,Cozy and warm robe with a luxurious feel. Perfect for chilly mornings or evenings.,82,10
3000074,22,2000046,HTC Desire 21 Pro,Blast your tunes anywhere with this waterproof and portable Bluetooth speaker. Big sound in a small package.,19,29
3000499,27,2000790,Antec Torque - Open Frame Mid Tower,"Blast your tunes louder and clearer with this powerful portable Bluetooth speaker. Perfect for parties, outdoor adventures, or anywhere you need big sound.",89,56
3000504,22,2000763,Lenovo Z6 Pro,"Ultra-high definition projector for a truly cinematic experience. Enjoy stunning visuals for movies, games, or presentations.",97,88
3000132,11,2000248,Cargo Convertible Pants (Shorts),Flowy maxi dress with a dreamy floral print. Effortlessly chic for any occasion.,4,72
3000626,38,2000165,Hamilton Beach 6-Speed Electric Hand Mixer,"Space-saving and nesting bakeware set for all your baking needs. Includes cake pans, loaf pans, and baking sheets for delicious creations.",30,23
3000825,35,2000790,Pneumatic Grinder,Grow fresh herbs vertically with this innovative wall-mounted herb garden kit. Maximize space and enjoy fresh flavors all year round.,99,41
3000250,35,2000379,Surface Grinder,Start your day right with this programmable coffee maker. Brews delicious coffee with ease and keeps it hot for hours.,53,81
3000277,15,2000633,Voyage Running Shoes,Comfy and stylish leggings with a whimsical floral print. Perfect for everyday wear or lounging at home.,21,37
3000697,21,2000072,LG Wing,"Advanced smartwatch with built-in GPS, health monitoring, contactless payment, and advanced fitness tracking. Stay connected, on track, and informed with a sleek and sophisticated design.",21,96
3000572,32,2000398,Kiritsuke Knife,"Powerful and versatile immersion blender for effortless blending, pureeing, and emulsifying directly in your pot or bowl. Perfect for soups, sauces, and baby food.",84,95
3000160,32,2000137,Steak Knife,"Achieve restaurant-quality results at home with this sous vide precision cooker. Perfect for cooking meat, fish, and vegetables to a perfect temperature.",64,10
3000612,38,2000161,Dualit 6-Speed Professional Hand Mixer,"Track your weight, body fat, and muscle mass with this smart scale and its accompanying app. Stay motivated and reach your health goals.",42,20
3000853,34,2000398,Ceramic Frying Pan,"Create healthy and fun veggie noodles with this easy-to-use spiralizer. Perfect for zucchini noodles, sweet potato fries, and more.",53,14
3000167,12,2000086,Zenith Henley,Flowy maxi dress with a dreamy floral print. Effortlessly chic for any occasion.,30,67
3000230,24,2000845,NVIDIA GeForce RTX 3050,Monitor the inside of your home with this discreet 360° security camera. Live stream footage and receive alerts for peace of mind.,21,67
3000600,12,2000137,"Horizon Button-Down,",Water-resistant cargo pants with built-in phone pocket and hidden tech compartments. Stay stylish and organized.,90,16
3000493,15,2000224,Flow Espadrilles,Spacious and comfortable backpack for all your travel adventures. Built-in compartments keep everything organized.,59,64
3000432,27,2000952,SilverStone Technology Sugo SG13 - Mini-ITX,Capture life's moments in an instant with this point-and-shoot digital camera. Easy to use and perfect for capturing memories on the go.,6,16
3000730,33,2000398,Copper Wok,Craft your own sparkling water at home with this fun and easy-to-use soda maker. Add a splash of flavor for a refreshing beverage.,5,44
3000932,21,2000320,ZTE Axon 30 Ultra,"Capture life's moments in an instant with this portable, retro-inspired camera. Prints on-the-go for instant memories.",6,42
3000674,32,2000079,Cheese Knife,Stylish and leak-proof glass food containers for storing food or meal prep. Safe for reheating in the,27,73
3000270,36,2000046,Hurricane Glass,"Boil water to the perfect temperature with this smart kettle.  Control temperature from your phone for precise brewing of tea, coffee, or baby formula.",5,65
3000516,21,2000224,Amplify Max Noise-Canceling Headphones,"Advanced smartwatch with built-in GPS, health monitoring, contactless payment, and advanced fitness tracking. Stay connected, on track, and informed with a sleek and sophisticated design.",26,40
3000072,38,2000845,Krups 10-Speed Digital Hand Mixer,"Powerful food processor with multiple attachments for chopping, slicing, shredding, and kneading. Effortlessly prepare all your ingredients for delicious meals.",17,56
3000725,31,2000835,Spiralizer Vegetable Cutter,"Powerful and versatile immersion blender for effortless blending, pureeing, and emulsifying directly in your pot or bowl. Perfect for soups, sauces, and baby food.",49,29
3000795,31,2000165,Fizz & Sparkle Soda Maker,"Cutlery set with razor-sharp, stainless steel blades for effortless slicing and dicing.  Elegant design complements any kitchen.",50,47
3000111,27,2000835,InWin 303 - ATX Mid-Tower,Compact and portable instant camera for capturing memories on the go. Easy to use and perfect for capturing life's spontaneous moments.,44,66
3000955,24,2000652,NVIDIA GeForce RTX 3090,Immerse yourself in your music with these noise-cancelling earbuds. Crystal-clear sound and long-lasting battery life.,88,24
3000244,23,2000150,AMD Ryzen Threadripper 3990X,Capture life's moments in an instant with this point-and-shoot digital camera. Easy to use and perfect for capturing memories on the go.,33,21
3000782,22,2000791,ZTE Nubia Z20,Charge your phone in style with this convenient wireless charging stand. Simply place your phone down to power up with a sleek and modern design.,95,73
3000043,35,2000652,Tool and Cutter Grinder,"Grow fresh herbs all year round with this easy-to-use kit. Includes seeds, soil, and a stylish planter.",82,85
3000952,33,2000897,Ceramic-Coated Wok,Grill like a pro with this innovative smart grill. Control temperature and monitor cooking progress right from your phone for perfectly cooked food every time.,67,93
3000031,29,2000897,Lenovo Yoga Smart Tab,"High-definition projector for an incredible home theater experience. Enjoy movies, games, and presentations in stunning clarity.",10,11
3000470,29,2000287,Amazon Fire HD 8,Experience complete immersion with these powerful noise-canceling headphones. Premium sound quality and long battery life for uninterrupted audio bliss.,99,7
3000272,32,2000046,Tomato Knife,"Achieve restaurant-quality results at home with this sous vide precision cooker. Perfect for cooking meat, fish, and vegetables to a perfect temperature.",48,41
3000820,33,2000161,Anodized Aluminum Wok,Grill like a pro with this innovative smart grill. Control temperature and monitor cooking progress right from your phone for perfectly cooked food every time.,21,15
3000783,15,2000897,Current Clogs,Classic denim jacket with a relaxed fit and soft touch. Layer over any outfit for timeless style.,20,81
3000183,29,2000046,Asus ZenPad 3S 10,"Stylish and sleek fitness tracker that monitors steps, heart rate, and sleep. Stay motivated on your fitness journey.",7,34
3000796,27,2000205,NZXT H510 - Compact ATX Mid-Tower,Explore the world from above with this easy-to-fly drone. Capture stunning aerial photos and videos.,61,45
3000707,11,2000086,Daydream Dress,Breathable and moisture-wicking tank top for your toughest workouts. Rise from any challenge in style.,8,86
3000335,14,2000137,Flow Headband,High-performance leggings with built-in phone pocket and sweat-wicking technology. Stay comfortable and connected during your workout.,10,71
3000238,37,2000594,Dessert Bowl,Leak-proof and insulated lunch box set with multiple compartments. Keeps food fresh and organized for work or school lunches.,72,21
3000647,27,2000379,Corsair Obsidian 500D RGB SE - Premium Mid-Tower,"Blast your tunes louder and clearer with this powerful portable Bluetooth speaker. Perfect for parties, outdoor adventures, or anywhere you need big sound.",3,68
3000261,21,2000063,Amplify Max Noise-Canceling Headphones,"Capture and print photos instantly with this easy-to-use digital camera. Fun for parties, events, or everyday memories.",10,66
3000073,11,2000790,Active Tank Top (Mesh Back),"Pamper your feet with these ultra-soft, cushioned socks. Available in a variety of fun colors and patterns.",2,39
3000396,29,2000952,Apple iPad (9th Generation),Explore the world from above with this easy-to-fly drone. Capture stunning aerial photos and videos.,92,33
3000401,21,2000120,Poco X3 NFC,"Blast your tunes worry-free with this waterproof and dustproof portable speaker. Perfect for pool parties, beach adventures, or any outdoor activity.",42,90
3000107,27,2000192,Fractal Design Meshify C - ATX Mid-Tower,Charge two devices wirelessly at once with this convenient charging pad. Perfect for keeping your phone and other Qi-enabled devices powered up.,23,70
3000822,11,2000046,Wanderlust Backpack,"Effortless one-piece outfit with multiple pockets for ultimate functionality. Perfect for work, errands, or travel.",55,89
3000832,33,2000154,Hand-Hammered Iron Wok,The ultimate kitchen companion for spiralizing enthusiasts.  Professional-grade blades handle even the toughest vegetables with ease.,24,48
3000394,21,2000625,Tecno Phantom X,"Advanced smartwatch with built-in GPS, health monitoring, contactless payment, and advanced fitness tracking. Stay connected, on track, and informed with a sleek and sophisticated design.",2,15
3000686,21,2000205,Pulse Max Smartwatch,"High-definition projector for an incredible home theater experience. Enjoy movies, games, and presentations in stunning clarity.",57,31
3000800,21,2000625,Alcatel 3L,Blast your tunes anywhere with this waterproof and portable Bluetooth speaker. Big sound in a small package.,22,32
3000705,34,2000897,Carbon Steel Fry Pan,"Add julienne functionality to your existing spiralizer. Create julienne vegetables for stir-fries, salads, and more.",41,30
3000771,23,2000833,Intel Core i5-10600KF,"Capture and print photos instantly with this easy-to-use digital camera. Fun for parties, events, or everyday memories.",23,56
3000375,29,2000192,Samsung Galaxy Tab Active3,"Keep an eye on your property with this weatherproof 360° security camera. Live stream footage, receive alerts, and deter potential intruders.",60,33
3000597,35,2000057,Manual Coffee Grinder,Grow fresh herbs vertically with this innovative wall-mounted herb garden kit. Maximize space and enjoy fresh flavors all year round.,9,20
3000586,38,2000968,Smeg 50's Retro Style Aesthetic Stand Mixer,"Powerful food processor with multiple attachments for chopping, slicing, shredding, and kneading. Effortlessly prepare all your ingredients for delicious meals.",18,12
3000376,13,2000845,Utility Jumpsuit,Durable and waterproof hiking boots for any terrain.  Ankle support and aggressive tread keep you comfortable and confident on the trail.,36,48
3000745,39,2000079,Rice Spoon,"Powerful and versatile hand blender for effortless blending, pureeing, and whipping. Perfect for soups, smoothies, dips, and more.",83,29
3000540,33,2000835,Flat-Bottomed Wok,"Powerful blender that pulverizes ingredients for smoothies, soups, and more. Perfect for creating healthy and delicious meals.",57,40
3000560,37,2000520,Dip Bowl,"Create healthy and fun veggie noodles with this easy-to-use spiralizer. Perfect for zucchini noodles, sweet potato fries, and more.",63,18
3000276,27,2000897,Thermaltake View 71 RGB - Full Tower,Capture life's moments in an instant with this point-and-shoot digital camera. Easy to use and perfect for capturing memories on the go.,7,94
3000704,21,2000544,BlackBerry Key2 LE,"Stylish and sleek fitness tracker that monitors steps, heart rate, and sleep. Stay motivated on your fitness journey.",39,43
3000061,15,2000871,Aura Dress Shoes,Ultra-soft fleece hoodie with vibrant sunrise graphic. Perfect for cozy mornings.,9,43
3000505,37,2000625,Noodle Bowl,Craft your own sparkling water at home with this fun and easy-to-use soda maker. Add a splash of flavor for a refreshing beverage.,85,87
3000171,15,2000952,Whisper Ballet Flats,High-performance leggings with built-in phone pocket and sweat-wicking technology. Stay comfortable and connected during your workout.,24,77
3000418,12,2000659,Ember Crewneck,Comfy and stylish leggings with a whimsical floral print. Perfect for everyday wear or lounging at home.,60,32
3000022,13,2000057,Whisper Pajama Pants,Versatile shorts that convert to pants with a zip-on leg. Perfect for travel with multiple outfit options in one.,25,25
3000509,21,2000716,HTC U12+,Mount your phone securely and charge it wirelessly with this convenient car charger. Enjoy hands-free navigation and music streaming on the go.,2,65
3000362,21,2000791,Lenovo Legion Phone Duel,Explore the world from above with this easy-to-fly drone. Capture stunning aerial photos and videos.,74,80
3000799,33,2000379,Round-Bottomed Wok,"Grow a lush indoor vertical garden with this innovative kit. Maximize space and enjoy fresh herbs, vegetables, or flowers year-round.",85,83
3000701,21,2000398,Snap+ Wireless Charger Pad (Dual),"Stylish and sleek fitness tracker that monitors steps, heart rate, and sleep. Stay motivated on your fitness journey.",83,62
3000166,21,2000154,Redmi Note 10 Pro,Capture life's moments in an instant with this point-and-shoot digital camera. Easy to use and perfect for capturing memories on the go.,90,68
3000083,21,2000791,Nubia Red Magic 6,Explore the world from above with this easy-to-fly drone. Capture stunning aerial photos and videos.,31,84
3000185,38,2000280,Vonshef Electric Hand Mixer,"Boil water to the perfect temperature with this smart kettle.  Control temperature from your phone for precise brewing of tea, coffee, or baby formula.",100,87
3000538,36,2000002,Margarita Glass,Advanced sous vide cooker with Wi-Fi connectivity and app control. Monitor cooking progress remotely and achieve perfectly cooked food every time.,99,40
3000186,21,2000763,Sony Xperia 5 II,Charge your phone wirelessly with this sleek and convenient charging pad.  Simply place your phone down and power up.,49,65
3000969,39,2000589,Caviar Spoon,Start your day right with this programmable coffee maker. Brews delicious coffee with ease and keeps it hot for hours.,28,49
3000446,23,2000455,AMD Ryzen 9 3950X,"Capture breathtaking aerial footage and explore further with this advanced drone. Featuring longer range, obstacle avoidance, and professional-grade camera capabilities.",38,7
3000696,11,2000659,Daydream Sleep Shorts,Comfy and stylish leggings with a whimsical floral print. Perfect for everyday wear or lounging at home.,26,88
3000679,15,2000897,Serenity Flip Flops,Ultra-lightweight and water-resistant windbreaker that folds into a compact pouch for easy carrying. Be prepared for unexpected showers on the go.,29,15
3000573,34,2000398,Paella Pan,Start your day right with this programmable coffee maker. Brews delicious coffee with ease and keeps it hot for hours.,8,91
3000930,29,2000154,Microsoft Surface Pro X,Capture life's moments in an instant with this point-and-shoot digital camera. Easy to use and perfect for capturing memories on the go.,77,90
3000524,22,2000153,Poco X3 NFC,"Capture and print photos instantly with this easy-to-use digital camera. Fun for parties, events, or everyday memories.",76,29
3000363,15,2000326,Nomad Chelsea Boots,Ultra-lightweight and water-resistant windbreaker that folds into a compact pouch for easy carrying. Be prepared for unexpected showers on the go.,95,22
3000512,33,2000398,Induction-Compatible Wok,"Create healthy and fun veggie noodles with this easy-to-use spiralizer. Perfect for zucchini noodles, sweet potato fries, and more.",96,77
3000221,38,2000137,tchenAid Artisan Series 5-Quart Tilt-Head Stand Mixer,"Advanced spiralizer with interchangeable blades for endless possibilities. Create veggie noodles, ribbons, and more.",22,68
3000315,36,2000341,Coupe Glass,Advanced sous vide cooker with Wi-Fi connectivity and voice control. Monitor cooking progress with ease and achieve perfectly cooked meals using voice commands.,85,25
3000750,22,2000341,Nubia Z30 Pro,Blast your tunes anywhere with this waterproof and portable Bluetooth speaker. Big sound in a small package.,77,43
3000532,31,2000763,Spiral Pro Vegetable Spiralizer,"Grow fresh herbs all year round with this easy-to-use kit. Includes seeds, soil, and a stylish planter.",83,22
3000960,15,2000897,Ember Sneakers (different design),Waterproof and breathable rain jacket for all-weather adventures. Packs down small for easy carrying and keeps you dry in any storm.,34,27
3000045,25,2000063,Corsair Dominator Platinum RGB 64GB (4x16GB) DDR4 3200MHz,"Stylish and sleek fitness tracker that monitors steps, heart rate, and sleep. Stay motivated on your fitness journey.",68,62
3000862,31,2000002,Bloom Sky Vertical Garden Kit,Leak-proof and insulated lunch box set with multiple compartments. Keeps food fresh and organized for work or school lunches.,99,89
3000113,23,2000123,Intel Core i7-10700F,"Capture breathtaking aerial footage and explore further with this advanced drone. Featuring longer range, obstacle avoidance, and professional-grade camera capabilities.",92,66
3000265,36,2000188,Sherry Glass,Enjoy healthier fried food with this smart air fryer.  Control settings and access recipe inspiration from your phone for effortless cooking.,63,58
3000354,36,2000845,Port Glass,"Create healthy and fun veggie noodles with this easy-to-use spiralizer. Perfect for zucchini noodles, sweet potato fries, and more.",67,21
3000093,13,2000791,Rhythm Shorts,Lightweight and water-resistant windbreaker for all your adventures. Packs down small for easy carrying.,11,15
3000486,36,2000280,Mojito Glass,"Preserve the freshness and flavor of your food with this powerful vacuum sealer. Perfect for sous vide cooking, meal prep, and long-term food storage.",31,12
3000944,35,2000137,Electric Weed Grinder,"Add julienne functionality to your existing spiralizer. Create julienne vegetables for stir-fries, salads, and more.",41,21
3000857,32,2000150,Peeling Knife,Advanced sous vide cooker with Wi-Fi connectivity and voice control. Monitor cooking progress with ease and achieve perfectly cooked meals using voice commands.,60,47
3000758,27,2000897,Antec Torque - Open Frame Mid Tower,Monitor the inside of your home with this discreet 360° security camera. Live stream footage and receive alerts for peace of mind.,71,39
3000617,28,2000192,Alienware m15 R4,Mount your phone securely and charge it wirelessly with this convenient car charger. Enjoy hands-free navigation and music streaming on the go.,59,54
3000382,25,2000832,G.Skill Ripjaws V 32GB (2x16GB) DDR4 3000MHz,"Ultra-high definition projector for a truly cinematic experience. Enjoy stunning visuals for movies, games, or presentations.",59,87
3000813,11,2000123,Cargo Convertible Pants (Shorts),Cozy and supportive slippers with a fun and playful design. Keep your feet warm and comfortable at home.,58,26
3000742,39,2000835,Absinthe Spoon,"Achieve restaurant-quality results at home with this sous vide precision cooker. Perfect for cooking meat, fish, and vegetables to a perfect temperature.",72,63
3000110,36,2000763,Tequila Glass,"Achieve restaurant-quality results at home with this sous vide precision cooker. Perfect for cooking meat, fish, and vegetables to a perfect temperature.",34,92
3000636,15,2000791,Coastal Boat Shoes (different design),Ultra-soft fleece hoodie with vibrant sunrise graphic. Perfect for cozy mornings.,82,85
3000139,22,2000123,Samsung Galaxy Z Fold 3,Charge your phone in style with this convenient wireless charging stand. Simply place your phone down to power up with a sleek and modern design.,41,12
3000513,34,2000188,Roasting Pan,"Powerful blender that pulverizes ingredients for smoothies, soups, and more. Perfect for creating healthy and delicious meals.",60,32
3000790,22,2000002,Apple iPhone 12 Mini,Charge your phone wirelessly with this sleek and convenient charging pad.  Simply place your phone down and power up.,82,56
3000847,15,2000835,Flow Sandals (different design),Breathable and moisture-wicking tank top with a mesh back for maximum ventilation. Stay cool and comfortable during your toughest workouts.,11,30
3000914,38,2000057,Cuisinart SM-50BC 5.5-Quart Stand Mixer,Advanced sous vide cooker with Wi-Fi connectivity and voice control. Monitor cooking progress with ease and achieve perfectly cooked meals using voice commands.,22,64
3000548,13,2000398,Coastal Culottes,Durable and waterproof hiking boots for any terrain.  Ankle support and aggressive tread keep you comfortable and confident on the trail.,21,27
3000809,14,2000150,Current Bandana,Soft and comfortable sweatpants with a relaxed fit. Perfect for lounging at home or running errands in style.,28,47
3000082,39,2000072,Honey Dipper (or Honey Spoon),"Space-saving and nesting bakeware set for all your baking needs. Includes cake pans, loaf pans, and baking sheets for delicious creations.",14,79
3000154,22,2000594,Google Pixel 4a,"Advanced smartwatch with built-in GPS, health monitoring, contactless payment, and advanced fitness tracking. Stay connected, on track, and informed with a sleek and sophisticated design.",12,64
3000622,13,2000790,Current Skinny Jeans,Comfy and stylish tee with a shimmering constellation design.  Shine bright wherever you go.,80,76
3000871,21,2000224,Motorola Moto G Power (2021),Keep an eye on your home with this 360° security camera. Live stream footage and receive alerts for peace of mind.,70,24
3000444,39,2000791,Bartender's Bar Spoon,"Cutlery set with razor-sharp, stainless steel blades for effortless slicing and dicing.  Elegant design complements any kitchen.",62,6
3000662,22,2000520,OnePlus Nord,Charge your phone wirelessly with this sleek and convenient charging pad.  Simply place your phone down and power up.,19,26
3000918,38,2000625,Breville BEM800XL Scraper Mixer Pro,"Achieve restaurant-quality results at home with this sous vide precision cooker. Perfect for cooking meat, fish, and vegetables to a perfect temperature.",84,76
3000873,34,2000137,Baking Pan,"Add julienne functionality to your existing spiralizer. Create julienne vegetables for stir-fries, salads, and more.",9,10
3000391,31,2000968,Fizz & Sparkle Soda Maker,"Track your weight, body fat, and muscle mass with this smart scale and its accompanying app. Stay motivated and reach your health goals.",34,58
3000805,15,2000046,Current Platform Sneakers (different design),Durable and waterproof hiking boots for any terrain.  Ankle support and aggressive tread keep you comfortable and confident on the trail.,22,60
3000685,12,2000659,Summit Thermal,Breathable and moisture-wicking tank top with a mesh back for maximum ventilation. Stay cool and comfortable during your toughest workouts.,51,56
3000004,25,2000398,Teamgroup T-Force Vulcan Z 16GB (2x8GB) DDR4 3200MHz,"High-definition projector for an incredible home theater experience. Enjoy movies, games, and presentations in stunning clarity.",45,83
3000463,26,2000379,"Fractal Design Ion+ 660P (660W, 80 Plus Platinum)",Charge your phone wirelessly with this sleek and convenient charging pad.  Simply place your phone down and power up.,68,82
3000657,15,2000704,Aura Ankle Boots (different design),Durable and waterproof hiking boots for any terrain.  Ankle support and aggressive tread keep you comfortable and confident on the trail.,10,96
3000547,31,2000652,Bloom Herb Garden Kit,Advanced sous vide cooker with Wi-Fi connectivity and voice control. Monitor cooking progress with ease and achieve perfectly cooked meals using voice commands.,72,63
3000898,12,2000763,Vacation Shirt,"Pamper your feet with these ultra-soft, cushioned socks. Available in a variety of fun colors and patterns.",55,28
3000370,38,2000150,Hamilton Beach 7-Speed Stand Mixer,Craft your own sparkling water at home with this fun and easy-to-use soda maker. Add a splash of flavor for a refreshing beverage.,74,49
3000603,22,2000086,Xiaomi Mi 10T Lite,"Keep an eye on your property with this weatherproof 360° security camera. Live stream footage, receive alerts, and deter potential intruders.",33,90
3000223,22,2000832,Sony Xperia 10 III,Keep an eye on your home with this 360° security camera. Live stream footage and receive alerts for peace of mind.,97,28
3000012,37,2000072,Finger Bowl,"Powerful food processor with multiple attachments for chopping, slicing, shredding, and kneading. Effortlessly prepare all your ingredients for delicious meals.",92,92
3000755,28,2000165,"Apple MacBook Air (M1, 2020)","All-in-one smartwatch with fitness tracking, notifications, GPS, and contactless payment. Stay connected and on track.",32,23
3000364,33,2000455,Spun Steel Wok,"Advanced spiralizer with interchangeable blades for endless possibilities. Create veggie noodles, ribbons, and more.",94,46
3000416,26,2000520,"XFX XTR 750W (750W, 80 Plus Gold)",Compact and portable instant camera for capturing memories on the go. Easy to use and perfect for capturing life's spontaneous moments.,41,52
3000801,21,2000379,Huawei P40 Lite,"Next-level virtual reality experience with enhanced graphics, haptic feedback, and realistic movement tracking. Explore virtual worlds with unparalleled immersion.",100,60
3000663,35,2000398,Belt Grinder,"Powerful and versatile hand blender for effortless blending, pureeing, and whipping. Perfect for soups, smoothies, dips, and more.",40,23
3000791,11,2000791,Zen Sweatpants,Durable and waterproof hiking boots for any terrain.  Ankle support and aggressive tread keep you comfortable and confident on the trail.,84,92
3000105,36,2000856,Irish Coffee Glass,"Space-saving and nesting bakeware set for all your baking needs. Includes cake pans, loaf pans, and baking sheets for delicious creations.",40,59
3000922,14,2000659,Aura Beanie,Breathable and moisture-wicking tank top for your toughest workouts. Rise from any challenge in style.,49,84
3000351,12,2000057,Cotton Shirt,"Effortless one-piece outfit with multiple pockets for ultimate functionality. Perfect for work, errands, or travel.",78,89
3000134,38,2000224,Dualit 5-Speed Professional Hand Mixer,"Space-saving and nesting bakeware set for all your baking needs. Includes cake pans, loaf pans, and baking sheets for delicious creations.",69,73
3000591,13,2000046,Skinny Blue Jeans,Warm and stylish puffer jacket with a subtle star pattern. Perfect for adding a touch of wintery charm to your outfit.,50,88
3000811,12,2000455,Spring Shirt ,"Effortless one-piece outfit with multiple pockets for ultimate functionality. Perfect for work, errands, or travel.",65,24
3000483,24,2000379,AMD Radeon RX 6800 XT,Keep an eye on your home with this 360° security camera. Live stream footage and receive alerts for peace of mind.,69,92
3000312,21,2000063,Nokia 7.2,"Breathe easy with this air purifier that removes dust, allergens, and odors from your home. Enjoy cleaner air and improved well-being.",81,62
3000716,13,2000150,White Jeans,Luxuriously soft and lightweight kimono robe for ultimate relaxation. Perfect for lounging at home or pampering yourself at the spa.,20,70
3000595,14,2000589,Current Bucket Hat,Classic denim jacket with a relaxed fit and soft touch. Layer over any outfit for timeless style.,78,100
3000322,28,2000704,HP Elite Dragonfly G2,"Breathe easy with this air purifier that removes dust, allergens, and odors from your home. Enjoy cleaner air and improved well-being.",20,85
3000094,14,2000897,Tech-Fit T-Shirt,"Pamper your feet with these ultra-soft, cushioned socks. Available in a variety of fun colors and patterns.",5,33
3000347,28,2000002,Lenovo Yoga 9i,"High-definition projector for an incredible home theater experience. Enjoy movies, games, and presentations in stunning clarity.",90,47
3000881,26,2000833,"SilverStone Technology 800W SFX-L (800W, 80 Plus Titanium)",Capture life's moments in an instant with this point-and-shoot digital camera. Easy to use and perfect for capturing memories on the go.,91,19
3000202,11,2000137,Tech Cargo Pants,Cozy and warm robe with a luxurious feel. Perfect for chilly mornings or evenings.,96,65
3000350,13,2000079,Vacation Pants,"Pamper your feet with these ultra-soft, cushioned socks. Available in a variety of fun colors and patterns.",57,70
3000673,14,2000046,Summit Earmuffs,"Effortless one-piece outfit with multiple pockets for ultimate functionality. Perfect for work, errands, or travel.",51,24
3000449,14,2000544,Serenity Sleep Mask,Classic denim jacket with a relaxed fit and soft touch. Layer over any outfit for timeless style.,51,93
3000126,28,2000086,Dell Alienware X17,"Next-level virtual reality experience with enhanced graphics, haptic feedback, and realistic movement tracking. Explore virtual worlds with unparalleled immersion.",33,93
3000542,14,2000520,Flow Baseball Cap,Ultra-lightweight and water-resistant windbreaker that folds into a compact pouch for easy carrying. Be prepared for unexpected showers on the go.,22,52
3000687,21,2000280,Realme 7 Pro,"Blast your tunes louder and clearer with this powerful portable Bluetooth speaker. Perfect for parties, outdoor adventures, or anywhere you need big sound.",25,25
3000495,21,2000072,Vivo V20,Compact and portable instant camera for capturing memories on the go. Easy to use and perfect for capturing life's spontaneous moments.,71,100
3000775,36,2000891,Snifter Glass,"Space-saving and nesting bakeware set for all your baking needs. Includes cake pans, loaf pans, and baking sheets for delicious creations.",81,99
3000175,39,2000520,Tasting Spoon,"Powerful food processor with multiple attachments for chopping, slicing, shredding, and kneading. Effortlessly prepare all your ingredients for delicious meals.",87,94
3000168,21,2000455,Lenovo K12 Pro,"Capture and print photos instantly with this easy-to-use digital camera. Fun for parties, events, or everyday memories.",43,41
3000404,14,2000398,Flow Headband,Spacious and comfortable backpack for all your travel adventures. Built-in compartments keep everything organized.,30,23
3000408,38,2000398,Krups 12-Speed Digital Hand Mixer,Start your day right with this programmable coffee maker. Brews delicious coffee with ease and keeps it hot for hours.,11,21
3000793,39,2000079,Baby Spoon,"Advanced spiralizer with interchangeable blades for endless possibilities. Create veggie noodles, ribbons, and more.",25,50
3000737,21,2000952,AirVue Air Purifier,"Turn any wall into a giant screen with this portable projector. Perfect for movie nights, presentations, or gaming.",78,49
3000255,37,2000704,Salsa Bowl,"Grow a lush indoor vertical garden with this innovative kit. Maximize space and enjoy fresh herbs, vegetables, or flowers year-round.",8,93
3000427,12,2000086,Winter Shirt,Water-resistant cargo pants with built-in phone pocket and hidden tech compartments. Stay stylish and organized.,33,60
3000575,29,2000046,Lenovo Tab M10 FHD Plus,Monitor the inside of your home with this discreet 360° security camera. Live stream footage and receive alerts for peace of mind.,34,90
3000988,22,2000835,Motorola Moto G100,Experience complete immersion with these powerful noise-canceling headphones. Premium sound quality and long battery life for uninterrupted audio bliss.,90,84
3000096,31,2000856,Bloom Wall Herb Garden Kit,The ultimate kitchen companion for spiralizing enthusiasts.  Professional-grade blades handle even the toughest vegetables with ease.,94,96
3000307,28,2000897,Asus ZenBook 13 OLED,Experience complete immersion with these powerful noise-canceling headphones. Premium sound quality and long battery life for uninterrupted audio bliss.,73,26
3000374,29,2000086,Amazon Fire 7,"Compact and portable projector for on-the-go entertainment. Perfect for presentations, movie nights, or gaming anywhere.",66,78
3000336,22,2000791,Oppo A94 5G,Experience unparalleled noise cancellation and immersive sound with these top-of-the-line earbuds. Crystal clear audio and exceptional battery life for long listening sessions.,58,19
3000162,22,2000063,Huawei Nova 8 Pro,Explore the world from above with this easy-to-fly drone. Capture stunning aerial photos and videos.,24,76
3000917,32,2000161,Butter Knife,"Expand your herb garden with this larger kit. Includes multiple pots, soil, and a variety of herb seeds. Grow fresh flavors year-round.",66,93
3000690,24,2000856,NVIDIA GeForce RTX 3080,"All-in-one smartwatch with fitness tracking, notifications, GPS, and contactless payment. Stay connected and on track.",62,12
3000434,23,2000063,AMD Ryzen 7 3700X,"Capture breathtaking aerial footage and explore further with this advanced drone. Featuring longer range, obstacle avoidance, and professional-grade camera capabilities.",76,41
3000826,15,2000856,Tranquility Loafers (different design),High-performance leggings with built-in phone pocket and sweat-wicking technology. Stay comfortable and connected during your workout.,62,66
3000870,15,2000455,Whisper Heels (different design),Effortless one-piece jumpsuit with a vibrant sunrise print. Chic and comfortable for warm weather days.,39,61
3000963,28,2000379,Google Pixelbook Go,"Ultra-high definition projector for a truly cinematic experience. Enjoy stunning visuals for movies, games, or presentations.",57,87
3000009,36,2000072,Tumbler,"Expand your herb garden with this larger kit. Includes multiple pots, soil, and a variety of herb seeds. Grow fresh flavors year-round.",69,34
3000454,21,2000704,Nubia Z20,Immerse yourself in your music with these noise-cancelling earbuds. Crystal-clear sound and long-lasting battery life.,27,25
3000485,15,2000871,Summit Snow Boots,Ultra-lightweight and water-resistant windbreaker that folds into a compact pouch for easy carrying. Be prepared for unexpected showers on the go.,61,89
3000566,31,2000123,Chop & Dice Pro Plus Food Processor,Grill like a pro with this innovative smart grill. Control temperature and monitor cooking progress right from your phone for perfectly cooked food every time.,64,6
3000571,34,2000398,Saucepan,"Space-saving and nesting bakeware set for all your baking needs. Includes cake pans, loaf pans, and baking sheets for delicious creations.",38,19
3000233,34,2000205,Dutch Oven (also used as a heavy-bottomed pan),Grill like a pro with this innovative smart grill. Control temperature and monitor cooking progress right from your phone for perfectly cooked food every time.,47,34
3000316,22,2000326,LG Velvet,Explore the world from above with this easy-to-fly drone. Capture stunning aerial photos and videos.,77,58
3000339,28,2000763,Acer Predator Helios 300,"Stylish and sleek fitness tracker that monitors steps, heart rate, and sleep. Stay motivated on your fitness journey.",33,98
3000353,24,2000341,AMD Radeon RX 6700 XT,"Ultra-high definition projector for a truly cinematic experience. Enjoy stunning visuals for movies, games, or presentations.",77,74
3000723,26,2000897,"Antec High Current Gamer Gold 850W (850W, 80 Plus Gold)",Immerse yourself in your music with these noise-cancelling earbuds. Crystal-clear sound and long-lasting battery life.,95,13
3000919,25,2000716,Patriot Viper Elite 8GB DDR4 2400MHz,Explore the world from above with this easy-to-fly drone. Capture stunning aerial photos and videos.,18,83
3000159,32,2000224,Mincing Knife,"Track your weight, body fat, and muscle mass with this smart scale and its accompanying app. Stay motivated and reach your health goals.",96,80
3000924,21,2000952,Sony Xperia Pro,"Breathe easy with this air purifier that removes dust, allergens, and odors from your home. Enjoy cleaner air and improved well-being.",55,8
3000774,34,2000086,Omelette Pan,"Space-saving and nesting bakeware set for all your baking needs. Includes cake pans, loaf pans, and baking sheets for delicious creations.",27,51
3000956,21,2000716,Click+ Instant Camera (Mini),Charge your phone wirelessly with this sleek and convenient charging pad.  Simply place your phone down and power up.,76,36
3000303,15,2000455,Current Platform Sneakers (different design),Flowy maxi dress with a dreamy floral print. Effortlessly chic for any occasion.,8,12
3000331,21,2000891,Google Pixel 4 XL,Charge your phone wirelessly with this sleek and convenient charging pad.  Simply place your phone down and power up.,64,48
3000848,35,2000968,Cylindrical Grinder,Advanced sous vide cooker with Wi-Fi connectivity and app control. Monitor cooking progress remotely and achieve perfectly cooked food every time.,11,55
3000502,25,2000072,Samsung 32GB DDR4 2666MHz ECC Registered RAM,Explore the world from above with this easy-to-fly drone. Capture stunning aerial photos and videos.,55,16
3000644,38,2000790,Smeg 50's Retro Style Aesthetic Stand Mixer,"Grow fresh herbs all year round with this easy-to-use kit. Includes seeds, soil, and a stylish planter.",50,43
3000492,15,2000161,Aura Ankle Boots (different design),Cozy and supportive slippers with a fun and playful design. Keep your feet warm and comfortable at home.,3,69
3000049,11,2000320,Daydream Leggings,Breezy and stylish shift dress with a vibrant sunrise print. Effortless elegance for warm weather days.,28,32
3000392,15,2000652,Tranquility Loafers (different design),Performance t-shirt with sweat-wicking technology and built-in media pocket for easy access to your phone.  Stay cool and connected during your workout.,40,32
3000880,26,2000891,"AORUS P850W (850W, 80 Plus Gold)","Blast your tunes worry-free with this waterproof and dustproof portable speaker. Perfect for pool parties, beach adventures, or any outdoor activity.",90,23
3000019,25,2000063,Adata XPG Spectrix D41 RGB 16GB (2x8GB) DDR4 3000MHz,Compact and portable instant camera for capturing memories on the go. Easy to use and perfect for capturing life's spontaneous moments.,93,60
3000379,31,2000248,Chop & Dice Pro Food Processor,"Powerful blender that pulverizes ingredients for smoothies, soups, and more. Perfect for creating healthy and delicious meals.",1,15
3000839,27,2000326,SilverStone Technology Sugo SG13 - Mini-ITX,"Compact and portable projector for on-the-go entertainment. Perfect for presentations, movie nights, or gaming anywhere.",77,86
3000282,23,2000398,Intel Xeon W-3223,Experience complete immersion with these powerful noise-canceling headphones. Premium sound quality and long battery life for uninterrupted audio bliss.,7,56
3000718,36,2000086,Beer Stein,"Achieve restaurant-quality results at home with this sous vide precision cooker. Perfect for cooking meat, fish, and vegetables to a perfect temperature.",49,93
3000280,14,2000398,Performance Trucker Hat,Warm and stylish puffer jacket with a subtle star pattern. Perfect for adding a touch of wintery charm to your outfit.,26,36
3000638,21,2000968,Motorola Edge 20 Pro,Capture life's moments in an instant with this point-and-shoot digital camera. Easy to use and perfect for capturing memories on the go.,6,10
3000288,32,2000845,Gyuto Knife,Leak-proof and stackable food containers for on-the-go meals or meal prep. Keeps food fresh and organized.,49,78
3000014,35,2000763,Stump Grinder,"Space-saving and nesting bakeware set for all your baking needs. Includes cake pans, loaf pans, and baking sheets for delicious creations.",63,8
3000972,28,2000455,Dell Inspiron 15 5000,Experience unparalleled noise cancellation and immersive sound with these top-of-the-line earbuds. Crystal clear audio and exceptional battery life for long listening sessions.,26,95
3000565,11,2000704,Zen Kimono Robe,Ultra-lightweight and water-resistant windbreaker that folds into a compact pouch for easy carrying. Be prepared for unexpected showers on the go.,95,8
3000630,15,2000123,Whisper Heels (different design),Waterproof and breathable rain jacket for all-weather adventures. Packs down small for easy carrying and keeps you dry in any storm.,35,71
3000263,25,2000763,T-Force Delta RGB 32GB (2x16GB) DDR4 3600MHz,"Next-level virtual reality experience with enhanced graphics, haptic feedback, and realistic movement tracking. Explore virtual worlds with unparalleled immersion.",90,73
3000648,15,2000123,Night Owl Slippers,Breathable and moisture-wicking tank top with a mesh back for maximum ventilation. Stay cool and comfortable during your toughest workouts.,47,41
3000890,39,2000455,Egg Spoon,"Add julienne functionality to your existing spiralizer. Create julienne vegetables for stir-fries, salads, and more.",55,56
3000304,22,2000320,Asus Zenfone 7 Pro,"High-definition projector for an incredible home theater experience. Enjoy movies, games, and presentations in stunning clarity.",4,8
3000901,21,2000716,Pulse Max Smartwatch,Immerse yourself in your music with these noise-cancelling earbuds. Crystal-clear sound and long-lasting battery life.,25,84
3000245,28,2000086,Lenovo Legion 5 Pro,Charge your phone wirelessly with this sleek and convenient charging pad.  Simply place your phone down and power up.,24,53
3000958,33,2000248,Mini/Compact Wok,Advanced sous vide cooker with Wi-Fi connectivity and app control. Monitor cooking progress remotely and achieve perfectly cooked food every time.,49,15
3000177,21,2000161,Vue 360° Security Camera,Charge your phone wirelessly with this sleek and convenient charging pad.  Simply place your phone down and power up.,95,56
3000637,36,2000320,Julep Cup,"Powerful food processor with multiple attachments for chopping, slicing, shredding, and kneading. Effortlessly prepare all your ingredients for delicious meals.",53,81
3000916,38,2000063,Vonshef Electric Mixer,Craft your own sparkling water at home with this fun and easy-to-use soda maker. Add a splash of flavor for a refreshing beverage.,98,81
3000423,36,2000652,Cognac Glass,Stylish and leak-proof glass food containers for storing food or meal prep. Safe for reheating in the,77,79
3000023,12,2000398,Summer Shirt,Performance t-shirt with sweat-wicking technology and built-in media pocket for easy access to your phone.  Stay cool and connected during your workout.,45,35
3000715,39,2000589,Melon Baller (often spoon-shaped),"Expand your herb garden with this larger kit. Includes multiple pots, soil, and a variety of herb seeds. Grow fresh flavors year-round.",33,36
3000623,38,2000704,Dualit 4-Speed Professional Hand Mixer,"Powerful food processor with multiple attachments for chopping, slicing, shredding, and kneading. Effortlessly prepare all your ingredients for delicious meals.",42,54
3000710,28,2000320,HP Pavilion 15,"Compact and portable projector for on-the-go entertainment. Perfect for presentations, movie nights, or gaming anywhere.",74,35
3000052,28,2000856,"Apple MacBook Pro 13-inch (M1, 2020)",Charge your phone wirelessly with this sleek and convenient charging pad.  Simply place your phone down and power up.,5,41
3000036,32,2000594,Trimming Knife,"Add julienne functionality to your existing spiralizer. Create julienne vegetables for stir-fries, salads, and more.",20,37
3000457,36,2000287,Moscow Mule Mug,"Preserve the freshness and flavor of your food with this powerful vacuum sealer. Perfect for sous vide cooking, meal prep, and long-term food storage.",93,96
3000649,28,2000123,Acer Aspire 5,Experience complete immersion with these powerful noise-canceling headphones. Premium sound quality and long battery life for uninterrupted audio bliss.,13,41
3000308,22,2000341,Vivo X50 Pro,"High-definition projector for an incredible home theater experience. Enjoy movies, games, and presentations in stunning clarity.",78,88